MaBN,HoTen,NgaySinh,DiaChi,SoDienThoai,MaKhau,Ban
01,Maria Ross,1972-05-06,7044Travis Glens,8290245691,01,0
02,Nancy Castillo,2012-05-09,343Samuel Plaza,3145571496,02,0
03,Patrick Todd,1970-05-25,99284Smith Mount,777552656,03,0
04,Scott Martinez,2019-07-29,82358Brandy Stream,6464669406,04,0
05,Edward Lopez,2006-05-26,3604Robinson Throughway,5748210524,05,0
06,Patricia Erickson,2003-04-26,76026Jasmin Dam,2062642768,06,0
07,Deborah Harris,2010-06-22,479Dana Overpass,700311602,07,0
08,Amy Wilson,1973-01-06,594William Port,368425025,08,0
09,Kristen Hoffman MD,1976-07-04,78139Scott Circles,22898319,09,0
10,Dustin Young,1972-03-25,809Hernandez Valleys,5557451500,10,0
11,Kristin Jefferson,1994-05-09,467Barrera Square,9452679544,11,0
12,Chad Payne PhD,1975-10-23,678Ross Pike,7295403020,12,0
13,Jennifer Watkins,1982-05-28,049Brewer Flat,266594703,13,0
14,Christian Hendricks,2019-04-15,147Hurley Fort,1902441744,14,0
15,Ralph Jimenez,1998-05-23,566Ryan Tunnel,7312115072,15,0
16,Crystal Hayes,2018-07-31,619Roman Landing,3994471269,16,0
17,Ronald Sullivan,1970-01-06,85924Orr Highway,1046496276,17,0
18,Maria Davis,1999-05-14,55945Frank Knolls,9329842160,18,0
19,Cameron Nelson,2015-05-28,0873Todd Falls,8442502079,19,0
20,Sheila Holland,2011-03-14,9842Joseph Point,6628367853,20,0
21,Michael Meyers,1987-11-19,6298Eric Island,7348857251,21,0
22,Joseph Fernandez,1993-02-06,7404Briggs Junction,1488701810,22,0
23,Jeff Silva,2022-07-10,0494Dawn Prairie,8729438749,23,0
24,Debbie Franklin,2011-08-24,0424Marie Road,8920535549,24,0
25,Gregory Frost,2010-12-15,77667Jason Manor,1748206921,25,0
26,Mrs. Jessica Horn,2011-03-20,698Frederick Ville,4417857519,26,0
27,Cynthia Mercer,1989-05-15,51767Clark Meadow,1993435511,27,0
28,Belinda Meyers,2018-09-28,31489Justin Valleys,8149727474,28,0
29,Kristina Barry,2000-04-30,864Cook Locks,9953858755,29,0
30,Sarah Clark,1993-12-19,54307Carmen Plaza,8905937093,30,0
31,Andrea Bradford,2010-03-08,4437Andrews Forges,6322273263,31,0
32,Carol Simon,1988-02-01,822Sandra Plains,9337013117,32,0
33,Jessica Perry,1987-03-08,716Cruz Track,2807189588,33,0
34,Jaime Miller,1991-09-11,62404Hale Pine,1799561938,34,0
35,Annette Hughes,1988-04-17,42629Kevin Turnpike,6414668973,35,0
36,Benjamin Gomez,2001-06-20,2370Chelsea Underpass,192306689,36,0
37,Cameron Huber,1995-02-11,991Chelsea Land,2576351020,37,0
38,Lori Cook,1983-07-04,329Michele Avenue,6662426078,38,0
39,Richard Harrington,1980-11-28,77834Brock Summit,3395934881,39,0
40,Virginia Lowe,2013-04-22,447Carrie Ridge,5229609745,40,0
41,Phillip Kerr,2018-11-16,788Micheal Cove,3784634230,41,0
42,Brett Larson,1995-06-08,280Stokes Glens,5282407073,42,0
43,Jeremy Lamb,1987-08-21,0690Beverly Lakes,4093187780,43,0
44,Joseph Ramos,2001-03-05,27435William Turnpike,5025424595,44,0
45,Nicole Collins,2008-03-13,8182Joseph Ridges,6231453849,45,0
46,Cynthia Garcia,2005-07-13,98536Leslie Fords,5645850772,46,0
47,Christina Leon DVM,1975-08-17,1310Christian Walk,8668224393,47,0
48,Dana Reyes,2008-10-30,5503Collins Court,3729155815,48,0
49,Charles Fuller,1975-02-22,8126Hutchinson Mews,841257520,49,0
50,David Rivers,2023-04-23,272Nicholas Garden,5872624806,50,0
51,Ross Harrison,2022-09-08,487Kevin Mall,637295530,51,0
52,Amy Wagner,1984-03-23,16778Smith Dam,7663294472,52,0
53,Heather Reese,1988-10-20,6139Macdonald Ridge,2447346103,53,0
54,Christine Cooper,1975-04-19,9534Garcia Circles,7555041158,54,0
55,Stacy Nguyen,2006-03-08,590Danielle Club,5675643374,55,0
56,Patricia Martinez,1984-11-10,298Lee Ferry,1124239224,56,0
57,Wayne Norton,2001-08-22,0922Fischer Cape,7909431113,57,0
58,Christopher Garrett,1983-08-30,330Pineda Estates,7529579822,58,0
59,Kimberly Allen,2012-01-24,19891Tyrone Islands,2552207894,59,0
60,Morgan Hernandez,1976-10-17,943Massey Islands,4067224709,60,0
61,Crystal Curry,1987-07-22,05227Bray Circles,7397540038,61,0
62,Ricardo Rodriguez,1981-01-19,10313James Neck,617433495,62,0
63,John Herrera,2006-10-27,705Byrd Springs,9224525239,63,0
64,George Jones,2016-10-04,221Donaldson Extension,5762604751,64,0
65,Miranda Mason,1982-02-23,849Dominic Groves,3670929270,65,0
66,Heidi Hoover,1973-07-10,127Carpenter Stravenue,8624725171,66,0
67,Mark Vazquez,2012-01-28,129Pamela Hills,786098981,67,0
68,Taylor Anderson,1983-06-09,4080Caldwell Crossing,8336452250,68,0
69,Thomas Fisher,1996-09-29,133Park Turnpike,1364895010,69,0
70,Matthew Russell,1982-05-17,9595Reed Villages,6657461578,70,0
71,Kevin Jackson,1980-10-23,6452Lewis Hollow,7933165421,71,0
72,Kevin Ellis,2018-08-21,4758Jackson Parkway,4050529829,72,0
73,Adrian Garcia,1982-12-04,988Hester Lights,277430107,73,0
74,Julian Johnson,1994-07-31,2757Kimberly Stream,2818996345,74,0
75,Teresa Campbell,1976-08-12,53797Thompson Extension,3108902740,75,0
76,Terrance Neal,2009-10-13,98125Lydia Harbors,2673839215,76,0
77,Patrick Hurley,1975-07-14,3490Santiago Walks,3809422168,77,0
78,Bruce Vazquez,2023-06-15,24244Tracy Flat,522952877,78,0
79,Mary Austin,1997-02-13,592Sherri Junctions,87550232,79,0
80,Joseph Peterson,2020-07-25,5449Smith Rue,8814831652,80,0
81,Lisa Martin,2005-12-11,01538Morgan Shore,8110078719,81,0
82,Dr. Elizabeth Vang,2018-04-19,10302Shelton Inlet,6589211522,82,0
83,Melinda Blanchard,1999-02-06,4150Jodi Well,65705618,83,0
84,Christopher Sanders,2013-03-21,3994Goodman Groves,5418561305,84,0
85,Jessica Griffith,1976-05-02,51021Adam Walk,1688547619,85,0
86,Jennifer Jenkins,1970-10-10,5394Taylor Island,8914992089,86,0
87,Timothy Walker,2009-12-20,618Allison Village,3975934506,87,0
88,Elizabeth Reynolds,1970-03-20,1122Reese Tunnel,3353613440,88,0
89,Michael Blackburn,2014-07-09,305Barnett Meadow,7834734965,89,0
90,Thomas Coleman,1990-04-28,6630Montgomery Crest,7181514315,90,0
91,Bryan Hammond,1970-05-19,0355Gallagher Islands,1656346880,91,0
92,Justin Simmons,1978-09-02,18371Ruth Valleys,6045045577,92,0
93,Wesley Cook,1994-01-28,610Bryant Squares,4500346111,93,0
94,John Robinson,2004-03-28,42556Huang Road,7360983681,94,0
95,Charlene Smith,2016-01-27,12708Conner Extension,431875061,95,0
96,Andrew Harris,2005-06-09,326Jason Motorway,4983765292,96,0
97,Emily Wilson,2016-06-01,477Sean Ridge,8373864271,97,0
98,Ashley Schultz,2007-02-23,4973Carson Isle,1560409039,98,0
99,Joseph Moore,1986-06-20,07643Jones Road,3010758531,99,0
100,Dennis Juarez,2005-09-20,726Jeffrey Mountain,9982565819,100,0
