MaNV,HoTen,MatKhau
01,Ashley Gomez,01
02,Jerry Gutierrez,02
03,Nichole James,03
04,David Paul,04
05,Amber Gray,05
06,Daniel Collins,06
07,Barbara Tucker,07
08,Jeremy Wright,08
09,Holly Reed,09
10,Adam Reed,10
11,Jeff Conrad,11
12,Tamara Cox,12
13,Jenna Ferguson,13
14,Kimberly Carter,14
15,Isabel Logan,15
16,Michele Hernandez,16
17,Rodney Bolton,17
18,Alyssa Clark,18
19,Jonathan Walker,19
20,Candice Hanson,20
21,Donna Singh,21
22,Wyatt Fernandez,22
23,Melissa Bass,23
24,Erik Wood,24
25,Anna Webb,25
26,Benjamin Gibson,26
27,Beth Walters,27
28,Jerry Powell,28
29,Ashley Terrell,29
30,George Webb,30
31,Michael Blevins,31
32,Maria Campbell,32
33,Gordon Horn,33
34,Julie Lawson,34
35,Samantha Wise,35
36,Brian Washington,36
37,Rebekah Alvarez,37
38,Susan Coleman,38
39,Joshua Alvarez,39
40,Joshua Lindsey,40
41,Bradley Avila,41
42,Jessica Scott DDS,42
43,Lisa Morris,43
44,Ronnie Peck,44
45,Marissa Gray,45
46,Tiffany Perry,46
47,Alan Taylor,47
48,Savannah West,48
49,Brittany Owens,49
50,Regina Padilla,50
51,Craig Gross,51
52,Tara Weeks,52
53,Dr. Matthew Holt,53
54,Shane Perez,54
55,Catherine Jimenez,55
56,Sheri Lopez,56
57,Samantha Bennett,57
58,Richard Mclaughlin,58
59,Kimberly May,59
60,Todd Tucker,60
61,Brittany Potter,61
62,Lisa Navarro,62
63,Angelica Hill,63
64,Christopher Castro II,64
65,Brandon Watson,65
66,Denise Ware,66
67,Paul Smith,67
68,Brian Smith,68
69,Kevin Carter,69
70,Brandon Campbell,70
71,John Peterson,71
72,Paul Dominguez,72
73,Samuel Bauer,73
74,Gary Orozco,74
75,Jessica Lambert,75
76,Justin Underwood,76
77,Jordan Wilson,77
78,Brett Le,78
79,Cody Francis,79
80,Lawrence Brown,80
81,Timothy Glover,81
82,Elizabeth Miller,82
83,Hailey Smith,83
84,Jordan Daniels,84
85,Mr. Steven Smith,85
86,April Martinez,86
87,Tracy Jimenez,87
88,Nichole Gordon,88
89,Marc Richards,89
90,Chelsea Young,90
91,Benjamin Wilson,91
92,Meagan Price,92
93,Ian Roberts,93
94,Pamela Mills,94
95,Patricia Hale,95
96,Pamela Farley,96
97,Madison Scott,97
98,Alison Taylor,98
99,Teresa Davis,99
100,Jessica Shannon,100
